,Date,Artist,Song
0,"January 3, 1970",B. J. Thomas,Raindrops Keep Fallin' On My Head
1,"January 31, 1970",The Jackson 5,I Want You Back
2,"February 7, 1970",Shocking Blue,Venus
3,"February 14, 1970",Sly & the Family Stone,Thank You (Falettinme Be Mice Elf Agin)
4,"February 28, 1970",Simon & Garfunkel,Bridge Over Troubled Water
5,"April 11, 1970",The Beatles,Let It Be
6,"April 25, 1970",The Jackson 5,ABC
7,"May 9, 1970",The Guess Who,American Woman
8,"May 30, 1970",Ray Stevens,Everything Is Beautiful
9,"June 13, 1970",The Beatles,The Long and Winding Road
10,"June 27, 1970",The Jackson 5,The Love You Save
11,"July 11, 1970",Three Dog Night,Mama Told Me (Not to Come)
12,"July 25, 1970",The Carpenters,(They Long to Be) Close to You
13,"August 22, 1970",Bread,Make It with You
14,"August 29, 1970",Edwin Starr,War
15,"September 19, 1970",Diana Ross,Ain't No Mountain High Enough
16,"October 10, 1970",Neil Diamond,Cracklin' Rosie
17,"October 17, 1970",The Jackson 5,I'll Be There
18,"November 21, 1970",The Partridge Family,I Think I Love You
19,"December 12, 1970",Smokey Robinson & the Miracles,The Tears of a Clown
20,"December 26, 1970",George Harrison,My Sweet Lord
21,"January 23, 1971",Tony Orlando and Dawn,Knock Three Times
22,"February 13, 1971",The Osmonds,One Bad Apple
23,"March 20, 1971",Janis Joplin,Me and Bobby McGee
24,"April 3, 1971",The Temptations,Just My Imagination (Running Away with Me)
25,"April 17, 1971","Three Dog Night
",Joy to the World
26,"May 29, 1971",The Rolling Stones,Brown Sugar
27,"June 12, 1971",The Honey Cone,Want Ads
28,"June 19, 1971",Carole King,It's Too Late
29,"July 24, 1971",Paul Revere & the Raiders,Indian Reservation (The Lament of the Cherokee Reservation Indian)
30,"July 31, 1971",James Taylor,You've Got a Friend
31,"August 7, 1971",Bee Gees,How Can You Mend a Broken Heart
32,"September 4, 1971",Paul McCartney,Uncle Albert/Admiral Halsey
33,"September 11, 1971",Donny Osmond,Go Away Little Girl
34,"October 2, 1971",Rod Stewart,Maggie May
35,"November 6, 1971",Cher,"Gypsys, Tramps & Thieves"
36,"November 20, 1971",Isaac Hayes,
37,"December 4, 1971",Sly and the Family Stone,Family Affair
38,"December 25, 1971",Melanie,Brand New Key
39,"January 15, 1972",Don McLean,American Pie
40,"February 12, 1972",Al Green,Let's Stay Together
41,"February 19, 1972",Nilsson,Without You
42,"March 18, 1972",Neil Young,Heart of Gold
43,"March 25, 1972",America,A Horse with No Name
44,"April 15, 1972",Roberta Flack,The First Time Ever I Saw Your Face
45,"May 27, 1972",The Chi-Lites,Oh Girl
46,"June 3, 1972",The Staple Singers,I'll Take You There
47,"June 10, 1972",Sammy Davis Jr.,Candy Man
48,"July 1, 1972",Neil Diamond,Song Sung Blue
49,"July 8, 1972",Bill Withers,Lean On Me
50,"July 29, 1972",Gilbert O'Sullivan,Alone Again (Naturally)
51,"August 26, 1972",Looking Glass,Brandy (You're a Fine Girl)
52,"September 16, 1972",Three Dog Night,Black and White
53,"September 23, 1972",Mac Davis,"Baby, Don't Get Hooked on Me"
54,"October 14, 1972",Michael Jackson,Ben
55,"October 21, 1972",Chuck Berry,My Ding-a-Ling
56,"November 4, 1972",Johnny Nash,I Can See Clearly Now
57,"December 2, 1972",The Temptations,Papa Was a Rollin' Stone
58,"December 9, 1972",Helen Reddy,I Am Woman
59,"December 16, 1972",Billy Paul,Me and Mrs. Jones
60,"January 6, 1973",Carly Simon,You're So Vain
61,"January 27, 1973",Stevie Wonder,Superstition
62,"February 3, 1973",Elton John,Crocodile Rock
63,"February 24, 1973",Roberta Flack,Killing Me Softly with His Song
64,"March 24, 1973",The O'Jays,Love Train
65,"April 7, 1973",Vicki Lawrence,The Night the Lights Went Out in Georgia
66,"April 21, 1973",Tony Orlando and Dawn,Tie a Yellow Ribbon Round the Ole Oak Tree
67,"May 19, 1973",Stevie Wonder,You Are the Sunshine of My Life
68,"May 26, 1973",The Edgar Winter Group,Frankenstein
69,"June 2, 1973",Paul McCartney and Wings,My Love
70,"June 30, 1973",George Harrison,Give Me Love (Give Me Peace On Earth)
71,"July 7, 1973",Billy Preston,Will It Go Round in Circles
72,"July 21, 1973",Jim Croce,"Bad, Bad Leroy Brown"
73,"August 4, 1973",Maureen McGovern,The Morning After
74,"August 18, 1973",Diana Ross,Touch Me in the Morning
75,"August 25, 1973",Stories,Brother Louie
76,"September 8, 1973",Marvin Gaye,Let's Get It On
77,"September 15, 1973",Helen Reddy,Delta Dawn
78,"September 29, 1973",Grand Funk,We're an American Band
79,"October 6, 1973",Cher,Half-Breed
80,"October 20, 1973",The Rolling Stones,Angie
81,"October 27, 1973",Gladys Knight & the Pips,Midnight Train to Georgia
82,"November 10, 1973",Eddie Kendricks,Keep On Truckin'
83,"November 24, 1973",Ringo Starr,Photograph
84,"December 1, 1973",The Carpenters,Top of the World
85,"December 15, 1973",Charlie Rich,The Most Beautiful Girl
86,"December 29, 1973",Jim Croce,Time in a Bottle
87,"January 12, 1974",Steve Miller Band,The Joker
88,"January 19, 1974",Al Wilson,Show and Tell
89,"January 26, 1974",Ringo Starr,You're Sixteen
90,"February 2, 1974",Barbra Streisand,The Way We Were
91,"February 9, 1974",Love Unlimited Orchestra,Love's Theme
92,"March 2, 1974",Terry Jacks,Seasons in the Sun
93,"March 23, 1974",Cher,Dark Lady
94,"March 30, 1974",John Denver,Sunshine on My Shoulders
95,"April 6, 1974",Blue Swede,Hooked on a Feeling
96,"April 13, 1974",Elton John,Bennie and the Jets
97,"April 20, 1974",MFSB,TSOP
98,"May 4, 1974",Grand Funk,The Loco-Motion
99,"May 18, 1974",Ray Stevens,The Streak
100,"June 8, 1974",Paul McCartney and Wings,Band on the Run
101,"June 15, 1974",Bo Donaldson and The Heywoods,"Billy, Don't Be a Hero"
102,"June 29, 1974",Gordon Lightfoot,Sundown
103,"July 6, 1974",The Hues Corporation,Rock the Boat
104,"July 13, 1974",George McCrae,Rock Your Baby
105,"July 27, 1974",John Denver,Annie's Song
106,"August 10, 1974",Roberta Flack,Feel Like Makin' Love
107,"August 17, 1974",Paper Lace,The Night Chicago Died
108,"August 24, 1974",Paul Anka,(You're) Having My Baby
109,"September 14, 1974",Eric Clapton,I Shot the Sheriff
110,"September 21, 1974",Barry White,"Can't Get Enough of Your Love, Babe"
111,"September 28, 1974",Andy Kim,Rock Me Gently
112,"October 5, 1974",Olivia Newton-John,I Honestly Love You
113,"October 19, 1974",Billy Preston,Nothing from Nothing
114,"October 26, 1974",Dionne Warwick,Then Came You
115,"November 2, 1974",Stevie Wonder,You Haven't Done Nothin'
116,"November 9, 1974",Bachman-Turner Overdrive,You Ain't Seen Nothing Yet
117,"November 16, 1974",John Lennon,Whatever Gets You Thru the Night
118,"November 23, 1974",Billy Swan,I Can Help
119,"December 7, 1974",Carl Douglas,Kung Fu Fighting
120,"December 21, 1974",Harry Chapin,Cat's in the Cradle
121,"December 28, 1974",Helen Reddy,Angie Baby
122,"January 4, 1975",Elton John,Lucy in the Sky with Diamonds
123,"January 18, 1975",Barry Manilow,Mandy
124,"January 25, 1975",The Carpenters,Please Mr. Postman
125,"February 1, 1975",Neil Sedaka,Laughter in the Rain
126,"February 8, 1975",Ohio Players,Fire
127,"February 15, 1975",Linda Ronstadt,You're No Good
128,"February 22, 1975",Average White Band,Pick Up the Pieces
129,"March 1, 1975",Eagles,Best of My Love
130,"March 8, 1975",Olivia Newton-John,Have You Never Been Mellow
131,"March 15, 1975",The Doobie Brothers,Black Water
132,"March 22, 1975",Frankie Valli,My Eyes Adored You
133,"March 29, 1975",LaBelle,Lady Marmalade
134,"April 5, 1975",Minnie Riperton,Lovin' You
135,"April 12, 1975",Elton John,Philadelphia Freedom
136,"April 26, 1975",B. J. Thomas,(Hey Won't You Play) Another Somebody Done Somebody Wrong Song
137,"May 3, 1975",Tony Orlando and Dawn,He Don't Love You (Like I Love You)
138,"May 24, 1975","Earth, Wind & Fire",Shining Star
139,"May 31, 1975",Freddy Fender,Before the Next Teardrop Falls
140,"June 7, 1975",John Denver,Thank God I'm a Country Boy
141,"June 14, 1975",America,Sister Golden Hair
142,"June 21, 1975",Captain & Tennille,Love Will Keep Us Together
143,"July 19, 1975",Paul McCartney and Wings,Listen to What the Man Said
144,"July 26, 1975",Van McCoy and the Soul City Symphony,The Hustle
145,"August 2, 1975",Eagles,One of These Nights
146,"August 9, 1975",Bee Gees,Jive Talkin'
147,"August 23, 1975","Hamilton, Joe Frank & Reynolds",Fallin' in Love
148,"August 30, 1975",KC and the Sunshine Band,Get Down Tonight
149,"September 6, 1975",Glen Campbell,Rhinestone Cowboy
150,"September 20, 1975",David Bowie,Fame
151,"September 27, 1975",John Denver,I'm Sorry
152,"October 11, 1975",Neil Sedaka,Bad Blood
153,"November 1, 1975",Elton John,Island Girl
154,"November 22, 1975",KC and the Sunshine Band,That's the Way (I Like It)
155,"November 29, 1975",Silver Convention,"Fly, Robin, Fly"
156,"December 27, 1975",The Staple Singers,Let's Do It Again
157,"January 3, 1976",Bay City Rollers,Saturday Night
158,"January 10, 1976",C. W. McCall,Convoy
159,"January 17, 1976",Barry Manilow,I Write the Songs
160,"January 24, 1976",Diana Ross,
161,"January 31, 1976",Ohio Players,Love Rollercoaster
162,"February 7, 1976",Paul Simon,50 Ways to Leave Your Lover
163,"February 28, 1976",Rhythm Heritage,
164,"March 6, 1976",The Miracles,Love Machine
165,"March 13, 1976",The Four Seasons,"December 1963 (Oh, What a Night)"
166,"April 3, 1976",Johnnie Taylor,Disco Lady
167,"May 1, 1976",The Bellamy Brothers,Let Your Love Flow
168,"May 8, 1976",John Sebastian,Welcome Back
169,"May 15, 1976",The Sylvers,Boogie Fever
170,"May 22, 1976",Wings,Silly Love Songs
171,"May 29, 1976",Diana Ross,Love Hangover
172,"July 10, 1976",Starland Vocal Band,Afternoon Delight
173,"July 24, 1976",The Manhattans,Kiss and Say Goodbye
174,"August 7, 1976",Kiki Dee,Don't Go Breaking My Heart
175,"September 4, 1976",Bee Gees,You Should Be Dancing
176,"September 11, 1976",KC and the Sunshine Band,"(Shake, Shake, Shake) Shake Your Booty"
177,"September 18, 1976",Wild Cherry,Play That Funky Music
178,"October 9, 1976",Walter Murphy and the Big Apple Band,A Fifth of Beethoven
179,"October 16, 1976",Rick Dees and His Cast of Idiots,Disco Duck
180,"October 23, 1976",Chicago,If You Leave Me Now
181,"November 6, 1976",Steve Miller Band,Rock'n Me
182,"November 13, 1976",Rod Stewart,Tonight's the Night (Gonna Be Alright)
183,"January 8, 1977",Marilyn McCoo,You Don't Have to Be a Star (To Be in My Show)
184,"January 15, 1977",Leo Sayer,You Make Me Feel Like Dancing
185,"January 22, 1977",Stevie Wonder,I Wish
186,"January 29, 1977",Rose Royce,Car Wash
187,"February 5, 1977",Mary MacGregor,Torn Between Two Lovers
188,"February 19, 1977",Manfred Mann's Earth Band,Blinded by the Light
189,"February 26, 1977",Eagles,New Kid in Town
190,"March 5, 1977",Barbra Streisand,
191,"March 26, 1977",Daryl Hall and John Oates,Rich Girl
192,"April 9, 1977",ABBA,Dancing Queen
193,"April 16, 1977",David Soul,Don't Give Up on Us
194,"April 23, 1977",Thelma Houston,Don't Leave Me This Way
195,"April 30, 1977",Glen Campbell,Southern Nights
196,"May 7, 1977",Eagles,Hotel California
197,"May 14, 1977",Leo Sayer,When I Need You
198,"May 21, 1977",Stevie Wonder,Sir Duke
199,"June 11, 1977",KC and the Sunshine Band,I'm Your Boogie Man
200,"June 18, 1977",Fleetwood Mac,Dreams
201,"June 25, 1977",Marvin Gaye,Got to Give It Up (Part 1)
202,"July 2, 1977",Bill Conti,
203,"July 9, 1977",Alan O'Day,Undercover Angel
204,"July 16, 1977",Shaun Cassidy,Da Doo Ron Ron
205,"July 23, 1977",Barry Manilow,Looks Like We Made It
206,"July 30, 1977",Andy Gibb,I Just Want to Be Your Everything
207,"August 20, 1977",The Emotions,Best of My Love
208,"October 1, 1977",Meco,Star Wars Theme/Cantina Band
209,"October 15, 1977",Debby Boone,You Light Up My Life
210,"December 24, 1977",Bee Gees,How Deep Is Your Love
211,"January 14, 1978",Player,Baby Come Back
212,"February 4, 1978",Bee Gees,Stayin' Alive
213,"March 4, 1978",Andy Gibb,(Love Is) Thicker Than Water
214,"March 18, 1978",Bee Gees,Night Fever
215,"May 13, 1978",Yvonne Elliman,If I Can't Have You
216,"May 20, 1978",Wings,With a Little Luck
217,"June 3, 1978",Johnny Mathis,"Too Much, Too Little, Too Late"
218,"June 10, 1978",John Travolta,You're the One That I Want
219,"June 17, 1978",Andy Gibb,Shadow Dancing
220,"August 5, 1978",The Rolling Stones,Miss You
221,"August 12, 1978",Commodores,Three Times a Lady
222,"August 26, 1978",Frankie Valli,Grease
223,"September 9, 1978",A Taste of Honey,Boogie Oogie Oogie
224,"September 30, 1978",Exile,Kiss You All Over
225,"October 28, 1978",Nick Gilder,Hot Child in the City
226,"November 4, 1978",Anne Murray,You Needed Me
227,"November 11, 1978",Donna Summer,MacArthur Park
228,"December 2, 1978",Barbra Streisand and Neil Diamond,You Don't Bring Me Flowers
229,"December 9, 1978",Chic,Le Freak
230,"January 6, 1979",Bee Gees,Too Much Heaven
231,"February 10, 1979",Rod Stewart,Da Ya Think I'm Sexy?
232,"March 10, 1979",Gloria Gaynor,I Will Survive
233,"March 24, 1979",Bee Gees,Tragedy
234,"April 14, 1979",The Doobie Brothers,What a Fool Believes
235,"April 21, 1979",Amii Stewart,Knock on Wood
236,"April 28, 1979",Blondie,Heart of Glass
237,"May 5, 1979",Peaches & Herb,Reunited
238,"June 2, 1979",Donna Summer,Hot Stuff
239,"June 9, 1979",Bee Gees,Love You Inside Out
240,"June 30, 1979",Anita Ward,Ring My Bell
241,"July 14, 1979",Donna Summer,Bad Girls
242,"August 18, 1979",Chic,Good Times
243,"August 25, 1979",The Knack,My Sharona
244,"October 6, 1979",Robert John,Sad Eyes
245,"October 13, 1979",Michael Jackson,Don't Stop 'til You Get Enough
246,"October 20, 1979",Herb Alpert,Rise
247,"November 3, 1979",M,Pop Muzik
248,"November 10, 1979",Eagles,Heartache Tonight
249,"November 17, 1979",Commodores,Still
250,"November 24, 1979",Barbra Streisand and Donna Summer,No More Tears (Enough Is Enough)
251,"December 8, 1979",Styx,Babe
252,"December 22, 1979",Rupert Holmes,Escape (The Piña Colada Song)
